song,artist,total_times_played,debut
Alumni Blues,Phish,192,1985-03-16
And So To Bed,Phish,0,NA
You Enjoy Myself,Phish,603,1986-02-03
AC/DC Bag,Phish,308,1986-04-01
Fuck Your Face,Phish,13,1987-04-29
Divided Sky,Phish,409,1987-08-09
Slave to the Traffic Light,Phish,233,1984-12-01
Aftermath,Phish,0,NA
Ingest,Phish,0,NA
NO2,Phish,8,1994-06-25
Fluff's Travels,Phish,1,1989-12-30
Dog Log,Phish,24,1985-10-30
He Ent to the Bog,Phish,0,NA
Run Like an Antelope,Phish,452,1985-04-06
Minkin,Phish,0,NA
Letter to Jimmy Page,Phish,89,1985-04-06
Fee,Phish,277,1987-08-09
Esther,Phish,126,1988-09-12
Golgi Apparatus,Phish,455,1986-10-12
Foam,Phish,342,1988-10-29
Dinner and a Movie,Phish,147,1987-11-19
David Bowie,Phish,471,1986-10-31
Fluffhead,Phish,252,1984-12-01
Contact,Phish,164,1988-06-15
Union Federal,Phish,0,NA
Sanity,Phish,39,1986-10-15
Icculus,Phish,27,1986-04-01
The Squirming Coil,Phish,349,1990-01-20
Reba,Phish,378,1989-10-01
My Sweet One,Phish,243,1989-09-09
Split Open and Melt,Phish,313,1989-02-17
The Oh Kee Pa Ceremony,Phish,215,1989-08-12
Bathtub Gin,Phish,256,1989-05-26
Lawn Boy,Phish,203,1989-11-30
Bouncing Around the Room,Phish,459,1990-01-20
Llama,Phish,303,1990-10-27
Eliza,Phish,22,1990-09-15
Cavern,Phish,448,1990-03-28
Poor Heart,Phish,302,1988-08-04
Stash,Phish,416,1990-09-13
Manteca,Dizzy Gillespie,15,1990-11-04
Guelah Papyrus,Phish,202,1991-02-01
Magilla,Phish,70,1990-09-13
The Landlady,Phish,210,1990-09-13
Glide,Phish,115,1991-09-27
Tweezer,Phish,384,1990-03-28
The Mango Song,Phish,98,1989-03-30
Chalk Dust Torture,Phish,456,1991-02-01
Catapult,Phish,33,1992-04-17
Faht,Phish,12,1992-11-22
Tweezer Reprise,Phish,274,1991-02-01
Rift,Phish,281,1990-02-25
Fast Enough for You,Phish,75,1992-11-19
Lengthwise,Phish,29,1992-11-19
Maze,Phish,305,1992-03-06
Sparkle,Phish,317,1991-09-25
Horn,Phish,164,1990-05-24
The Wedge,Phish,94,1993-02-03
"My Friend, My Friend",Phish,145,1992-03-06
Weigh,Phish,40,1992-03-07
All Things Reconsidered,Phish,81,1991-09-25
Mound,Phish,111,1992-03-06
It's Ice,Phish,240,1991-09-25
The Horse,Phish,160,1992-03-07
Silent in the Morning,Phish,174,1992-03-07
Julius,Phish,214,1994-04-04
Down with Disease,Phish,272,1993-12-31
If I Could,Phish,54,1994-04-04
Riker's Mailbox,Phish,0,NA
Axilla (Part II),Phish,38,1994-04-16
Lifeboy,Phish,53,1993-02-03
Sample in a Jar,Phish,286,1993-02-04
Wolfman's Brother,Phish,188,1994-04-04
Scent of a Mule,Phish,139,1994-04-04
Dog Faced Boy,Phish,52,1994-04-14
Demand,Phish,16,1994-04-09
Gumbo,Phish,100,1990-09-28
Montana,Phish,0,NA
Wilson,Phish,270,1986-10-12
Simple,Phish,166,1994-05-27
Harry Hood,Phish,371,1985-10-30
Free,Phish,171,1995-05-16
Character Zero,Phish,198,1996-06-06
Waste,Phish,75,1996-06-06
Taste,Phish,128,1995-06-07
Cars Trucks Buses,Phish,79,1995-09-27
Talk,Phish,14,1996-08-05
Theme From the Bottom,Phish,149,1995-05-16
Train Song,Phish,51,1996-07-21
Bliss,Phish,0,NA
Billy Breathes,Phish,59,1995-09-27
Swept Away,Phish,29,1996-10-16
Steep,Phish,29,1996-10-16
Prince Caspian,Phish,143,1995-06-08
Cities,Talking Heads,91,1984-12-01
Jesus Just Left Chicago,ZZ Top,80,1987-08-10
Mike's Song,Phish,510,1985-03-16
Weekapaug Groove,Phish,475,1988-07-23
Hello My Baby,Howard and Emerson,56,1995-09-27
Ghost,Phish,158,1997-06-13
Birds of a Feather,Phish,108,1998-04-02
Meat,Phish,32,1998-07-02
Guyute,Phish,124,1994-10-07
Fikus,Phish,5,1998-07-02
Shafty,Phish,5,1998-04-05
Limb By Limb,Phish,137,1997-06-13
Frankie Says,Phish,29,1998-04-02
Brian and Robert,Phish,42,1998-06-30
Water in the Sky,Phish,76,1997-06-13
Roggae,Phish,83,1998-06-30
Wading in the Velvet Sea,Phish,90,1997-06-13
The Moma Dance,Phish,146,1998-06-30
End of Session,Phish,0,NA
Rock and Roll Part Two,Gary Glitter,1,1998-11-20
Tube,Phish,141,1990-09-13
Quinn the Eskimo,Bob Dylan,36,1985-04-06
Funky Bitch,Son Seals,201,1986-12-06
Possum,Phish,522,1985-09-27
Driver,Phish,32,1998-10-17
Piper,Phish,159,1997-06-14
Axilla,Phish,99,1992-11-19
Roses Are Free,Ween,45,1997-12-11
Farmhouse,Phish,66,1997-11-16
Gettin' Jiggy Wit' It,Will Smith (a.k.a. The Fresh Prince),1,1998-11-20
Big Black Furry Creature from Mars,Phish,134,1987-08-21
Cry Baby Cry,The Beatles,5,1994-10-31
Boogie On Reggae Woman,Stevie Wonder,79,1987-02-21
NICU,Phish,132,1992-03-06
Dogs Stole Things,Phish,36,1997-06-13
Nellie Kane,Hot Rize,66,1993-02-23
Bold As Love,Jimi Hendrix Experience,80,1988-07-07
Sabotage,Beastie Boys,5,1998-08-08
Ha Ha Ha,Phish,31,1995-05-16
Tubthumping,Chumbawamba,1,1998-11-21
My Left Toe,Phish,5,1999-06-30
The Name is Slick,Phish,0,NA
What's the Use?,Phish,32,1999-07-04
Fish Bass,Phish,0,NA
Quadrophonic Toppling,Phish,1,1999-12-31
The Happy Whip and Dung Song,Phish,1,1999-07-24
Insects,Phish,0,NA
Title Track,Phish,0,NA
Albert,Phish,0,NA
Twist,Phish,125,1997-06-14
Bug,Amfibian,68,1999-06-30
Back on the Train,Trey Anastasio,111,1999-06-30
Heavy Things,Amfibian,86,1999-09-11
Gotta Jibboo,Trey Anastasio,75,1999-09-10
Dirt,New York!,64,1997-06-14
Sleep,Phish,16,1998-10-17
The Inlaw Josie Wales,Trey Anastasio,15,1999-09-09
Sand,Trey Anastasio,89,1999-09-11
First Tube,Trey Anastasio,88,1999-09-09
Mountains in the Mist,Trey Anastasio,21,1999-07-03
Pebbles and Marbles,Trey Anastasio,18,2003-01-03
Anything But Me,Phish,12,2003-01-04
Round Room,Phish,6,2003-01-02
Mexican Cousin,Phish,13,2003-01-02
Friday,Phish,13,2003-01-04
Seven Below,Phish,43,2002-12-31
Mock Song,Phish,2,2003-07-12
46 Days,Phish,88,2003-01-02
All of These Dreams,Phish,9,2003-01-03
Walls of the Cave,Phish,49,2002-12-31
Thunderhead,Trey Anastasio,6,2003-01-02
Waves,Phish,38,2002-12-31
Undermind,Trey Anastasio,34,2009-03-08
The Connection,Phish,4,2009-06-19
A Song I Heard the Ocean Sing,Phish,30,2004-06-17
Army of One,Phish,19,2003-07-12
Crowd Control,Phish,15,2003-11-28
Maggie's Revenge,Phish,0,NA
Nothing,Amfibian,7,2004-06-17
Two Versions of Me,Phish,7,2003-07-12
Access Me,Phish,5,2004-06-26
Scents and Subtle Sounds,Phish,21,2003-07-07
Tomorrow's Song,Phish,1,2009-11-27
Secret Smile,Trey Anastasio,9,2003-07-08
Grind,Phish,21,1998-12-30
Tiny,Phish,0,NA
Punch You In the Eye,Phish,149,1989-08-17
The Sloth,Phish,169,1987-08-09
Colonel Forbin's Ascent,Phish,125,1988-03-12
Fly Famous Mockingbird,Phish,136,1988-02-07
Shine,Collective Soul,1,1995-12-31
Drowned,The Who,43,1995-10-31
The Lizards,Phish,309,1988-01-27
Runaway Jim,Phish,377,1990-03-28
Strange Design,Phish,62,1995-05-16
Auld Lang Syne,Traditional,22,1989-12-30
Sea and Sand,The Who,3,1995-10-31
Frankenstein,The Edgar Winter Group,89,1989-11-11
Johnny B. Goode,Chuck Berry,23,1995-06-17
The Curtain With,Phish,35,1987-08-09
Suzy Greenberg,Phish,420,1987-02-13
Also Sprach Zarathustra,"Strauss, as interpreted by Deodato",216,1993-07-16
Kung,Phish,36,1989-10-31
I Am Hydrogen,Phish,333,1985-04-06
I Didn't Know,Phish,255,1987-11-18
Maiden Voyage,Herbie Hancock,1,1988-07-30
Timber (Jerry),Josh White and Sam Gary,85,1987-04-29
Harpua,Phish,81,1987-08-09
Sneakin' Sally Through the Alley,Lee Dorsey,72,1985-03-08
Light Up Or Leave Me Alone,Traffic,19,1986-12-06
I Know a Little,Lynyrd Skynyrd,5,1986-12-06
The Man Who Stepped Into Yesterday,Phish,138,1987-05-11
Avenu Malkenu,Traditional,79,1987-05-11
Flat Fee,Phish,21,1987-08-09
McGrupp and the Watchful Hosemasters,Phish,112,1985-04-06
Camel Walk,Phish,55,1984-11-03
No Dogs Allowed,Phish,6,1988-07-23
Dave's Energy Guide,Phish,21,1985-04-06
Corinna,Taj Mahal,27,1987-02-21
Tela,Phish,84,1988-03-12
Peaches en Regalia,Frank Zappa,83,1986-10-15
Sweet Adeline,Artie Shaw,174,1990-03-28
Good Times Bad Times,Led Zeppelin,219,1986-12-06
Wildwood Weed,Jim Stafford,1,1996-12-06
I Want To Be a Cowboy's Sweetheart,Patsy Montana,1,1996-12-06
Suspicious Minds,Elvis Presley,13,1995-09-30
Susie Q,Dale Hawkins,0,NA
Loving Cup,The Rolling Stones,128,1993-02-03
Paul and Silas,Josh White,91,1990-09-13
Ya Mar,Cyril Ferguson,213,1987-02-21
Big Ball Jam,Phish,103,1992-11-19
Love You,Syd Barrett,96,1987-10-31
Amazing Grace,Traditional,111,1993-02-03
Walk Away,The James Gang,82,1988-07-23
My Mind's Got a Mind of its Own,Jimmy Dale Gilmore,44,1992-03-07
The Vibration of Life,Phish,22,1992-11-23
Have Mercy,The Mighty Diamonds,14,1986-04-01
Rock and Roll All Nite,Kiss,1,1993-02-20
Terrapin,Syd Barrett,66,1987-09-21
Sleeping Monkey,Phish,86,1992-03-06
Buried Alive,Phish,152,1990-09-13
Uncle Pen,Bill Monroe,210,1990-03-28
The Curtain,Phish,119,1988-02-24
Cracklin' Rosie,Neil Diamond,50,1992-03-07
Pig in a Pen,The Stanley Brothers,2,1993-02-21
Backwards Down the Number Line,Trey Anastasio,100,2009-03-06
Stealing Time From the Faulty Plan,Phish,67,2009-06-02
Joy,Phish,40,2009-06-07
Sugar Shack,Phish,24,2009-06-07
Ocelot,Phish,76,2009-05-31
Kill Devil Falls,Phish,83,2009-06-02
Light,Trey Anastasio,84,2009-05-31
I Been Around,Phish,4,2009-08-16
Time Turns Elastic,Trey Anastasio & Don Hart,17,2009-05-31
Twenty Years Later,Phish,28,2009-06-05
Makisupa Policeman,Phish,104,1984-10-23
Keyboard Army,Phish,15,1995-09-27
Halley's Comet,Phish,124,1986-05-17
Albuquerque,Neil Young,16,1998-07-26
Carini,Phish,90,1997-02-17
Crosseyed and Painless,Talking Heads,42,1996-10-31
My Soul,Clifton Chenier,76,1997-02-13
Rock and Roll,The Velvet Underground,81,1998-10-31
The Old Home Place,The Dillards,40,1994-06-26
Vultures,Phish,38,1997-06-13
When the Circus Comes,Los Lobos,64,1997-02-13
Wipe Out,The Surfaris (a.k.a. The Safaris),6,1991-04-15
Mirror in the Bathroom,The English Beat,1,1998-11-27
Buffalo Bill,Phish,18,1992-11-21
Sparks,The Who,14,1987-03-23
Daniel Saw the Stone,Traditional,22,1993-07-15
Purple Rain,Prince,32,1993-07-16
La Grange,ZZ Top,82,1987-08-09
The Great Gig in the Sky,Pink Floyd,12,1993-03-14
Back at the Chicken Shack,Jimmy Smith,8,1998-10-30
While My Guitar Gently Weeps,The Beatles,34,1994-10-31
The Fishin' Hole,Herbert Spencer and Earle Hagen,2,1989-03-01
Donna Lee,Charlie Parker,25,1988-10-29
Carolina,Traditional,82,1990-01-20
Fire,Jimi Hendrix Experience,134,1984-12-01
Olivia's Pool,Phish,6,1997-06-13
Somewhere Over the Rainbow,Judy Garland,7,1992-08-17
Rocky Top,Osborne Brothers,199,1987-09-21
Back in the U.S.S.R.,The Beatles,3,1994-10-31
Dear Prudence,The Beatles,3,1994-10-31
Glass Onion,The Beatles,1,1994-10-31
"Ob-La-Di, Ob-La-Da",The Beatles,2,1993-05-06
Wild Honey Pie,The Beatles,1,1994-10-31
The Continuing Story of Bungalow Bill,The Beatles,1,1994-10-31
Happiness Is a Warm Gun,The Beatles ,2,1994-10-31
Martha My Dear,The Beatles,1,1994-10-31
I'm So Tired,The Beatles,2,1994-10-31
Blackbird,The Beatles,2,1994-10-31
Piggies,The Beatles,2,1985-11-14
Rocky Raccoon,The Beatles,1,1994-10-31
Don't Pass Me By,The Beatles,1,1994-10-31
Why Don't We Do It in the Road?,The Beatles,4,1994-10-31
I Will,The Beatles,1,1994-10-31
Julia,The Beatles,1,1994-10-31
Birthday,The Beatles,1,1994-10-31
Yer Blues,The Beatles,1,1994-10-31
Mother Nature's Son,The Beatles,1,1994-10-31
Everybody's Got Something to Hide Except Me and My Monkey,The Beatles,2,1994-10-31
Sexy Sadie,The Beatles,1,1994-10-31
Helter Skelter,The Beatles,2,1994-10-31
Long Long Long,The Beatles,1,1994-10-31
Revolution 1,The Beatles,1,1994-10-31
Honey Pie,The Beatles,1,1994-10-31
Savoy Truffle,The Beatles,1,1994-10-31
Revolution 9,The Beatles,1,1994-10-31
Costume Contest,Phish,3,1988-10-29
I Am the Sea,The Who,1,1995-10-31
The Real Me,The Who,2,1995-10-31
Quadrophenia,The Who,1,1995-10-31
Cut My Hair,The Who,1,1995-10-31
The Punk Meets the Godfather,The Who,1,1995-10-31
I'm One,The Who,1,1995-10-31
The Dirty Jobs,The Who,1,1995-10-31
Helpless Dancer,The Who,1,1995-10-31
Is It In My Head?,The Who,1,1995-10-31
I've Had Enough,The Who,1,1995-10-31
5:15,The Who,1,1995-10-31
Bell Boy,The Who,1,1995-10-31
Doctor Jimmy,The Who,1,1995-10-31
The Rock,The Who,1,1995-10-31
"Love, Reign O'er Me",The Who,1,1995-10-31
A Day in the Life,The Beatles,68,1995-06-10
My Generation,The Who,1,1995-10-31
Highway to Hell,AC/DC,77,1989-10-01
The Star Spangled Banner,Francis Scott Key,21,1996-10-17
Born Under Punches (The Heat Goes On),Talking Heads,1,1996-10-31
The Great Curve,Talking Heads,1,1996-10-31
Once in a Lifetime,Talking Heads,2,1996-10-31
Houses in Motion,Talking Heads,1,1996-10-31
Seen and Not Seen,Talking Heads,1,1996-10-31
Listening Wind,Talking Heads,1,1996-10-31
The Overload,Talking Heads,1,1996-10-31
Brother,Phish,58,1991-09-25
Who Loves the Sun?,The Velvet Underground,1,1998-10-31
Sweet Jane,The Velvet Underground,3,1998-08-08
Cool It Down,The Velvet Underground,7,1998-10-31
New Age,The Velvet Underground,1,1998-10-31
Head Held High,The Velvet Underground,2,1998-10-31
Lonesome Cowboy Bill,The Velvet Underground,8,1995-05-16
I Found a Reason,The Velvet Underground,2,1998-10-31
Train Round the Bend,The Velvet Underground,1,1998-10-31
Oh! Sweet Nuthin',The Velvet Underground,6,1998-10-31
Free Bird,Lynyrd Skynyrd,28,1987-03-06
Beauty of My Dreams,The Del McCoury Band,51,1997-02-16
California Love,Tupac Shakur (Featuring Dr.Dre),1,1998-07-15
Cannonball,The Breeders,1,1994-05-07
Yerushalayim Shel Zahav,Naomi Shemer,12,1993-07-16
Moose the Mooche,Charlie Parker Septet,1,1991-07-12
Touch Me,The Doors,9,1991-07-11
My Long Journey Home,Bill Monroe,15,1994-11-16
Lazy and Red,Phish,0,NA
Den of Iniquity,Phish,0,NA
Bubble Wrap,Phish,0,NA
Victor Jam Session,Phish,0,NA
Sky Train Wand,Phish,0,NA
Blue Over Yellow,Phish,0,NA
Guantanamo Strut,Phish,0,NA
35 Minute Jam,Phish,0,NA
Heartache,Phish,0,NA
Last Victor Jam,Phish,0,NA
Walfredo,Phish,7,1997-02-13
Saw It Again,New York!,30,1997-06-14
Emotional Rescue,The Rolling Stones,5,1997-11-21
Bye Bye Foot,Phish,4,1997-06-14
Party Time,Phish,23,2009-08-15
Alaska,Trey Anastasio,36,2009-06-09
Windy City,Phish,1,2009-08-11
In a Misty Glade,Phish,0,NA
Gone,Trey Anastasio,2,2009-12-30
Only a Dream,Phish,0,NA
The Birdwatcher,Phish,4,2010-12-28
Let Me Lie,Trey Anastasio,10,2009-06-06
If I Told You,Phish,0,NA
Splinters of Hail,Phish,0,NA
Can't Come Back,Phish,0,NA
Shrine,Phish,0,NA
Liquid Time,Phish,0,NA
Scents and Subtle Sounds (Intro),Phish,0,NA
Arrival,Phish,0,NA
Somantin,Phish,0,NA
Steve Reich,Phish,0,NA
Day-O (The Banana Boat Song),West Indian folk song,0,NA
Birthday Boys,Oysterhead,0,NA
Only Shallow,My Bloody Valentine,0,NA
The Cataract Song,Phish,0,NA
Running Out of Time,Phish,2,2016-10-19
Hell's Bells,AC/DC,0,NA
Gatekeeper,Mike Gordon,0,NA
MmmBop,Hanson,0,NA
Weekly Time,Ramble Dove,0,NA
Rocketsled's Funky Main Man Meets Big Joe on Church Street,Phish,0,NA
Norwegian Wood (This Bird Has Flown),The Beatles,0,NA
Doomsday,Phish,0,NA
Another One Bites the Dust,Queen,0,NA
And It Stoned Me,Van Morrison,0,NA
Couch Lady,Mike Gordon,0,NA
Join the Band,Traditional,0,NA
Tropical Hot Dog Night,Captain Beefheart,0,NA
Izabella,Jimi Hendrix Experience,10,1997-06-13
Black-Eyed Katy,Phish,7,1997-11-13
Low Rider,War,7,1985-09-27
Fuego,Phish,45,2013-10-31
The Line,Phish,31,2013-10-31
Devotion To a Dream,Phish,20,2013-10-31
Halfway to the Moon,Phish,37,2010-06-19
Winterqueen,Trey Anastasio,16,2013-10-31
Sing Monica,Phish,8,2013-10-31
555,Phish,38,2013-10-31
Waiting All Night,Phish,28,2013-10-31
Wombat,Phish,12,2013-10-31
Wingsuit,Phish,28,2013-10-31
Trench Town Rock,Bob Marley and The Wailers,1,1998-08-11
Time Loves a Hero,Little Feat,8,1988-10-29
Bittersweet Motel,Phish,17,1998-07-21
Ginseng Sullivan,Norman Blake,77,1993-08-11
On Your Way Down,Allen Toussaint,22,1988-06-24
Life on Mars?,David Bowie,23,1995-10-13
Flatbed Truck Jam,Phish,1,1996-08-16
Sexual Healing,Marvin Gaye,4,1998-07-20
Hold Your Head Up,Argent,528,1987-08-21
Spock's Brain,Phish,8,1995-05-16
Soul Shakedown Party,Bob Marley and The Wailers,10,1997-02-17
Ain't Love Funny,J.J. Cale,3,1997-06-20
Jam,Traditional,76,1984-11-03
Wormtown,Steve Miller Band,1,1997-07-02
Friends,Phish,2,2016-06-29
Breath and Burning,Phish,10,2016-06-26
Home,Phish,2,2016-10-14
Blaze On,Phish,24,2015-07-21
Tide Turns,Phish,6,2016-06-29
Things People Do,Phish,5,2016-06-28
Waking Up Dead,Phish,5,2016-06-29
No Men In No Man's Land,Phish,22,2015-07-21
Miss You,Phish,5,2016-06-24
I Always Wanted It This Way,Phish,3,2016-10-15
More,Phish,5,2016-10-14
Petrichor,Trey Anastasio,6,2016-10-14
Anarchy,Phish,12,1985-03-04
Fire Up the Ganja,Phish,1,1985-03-04
Skippy the Wondermouse,Phish,4,1984-12-01
In the Midnight Hour,Wilson Pickett,5,1983-12-02
Caravan,Duke Ellington,43,1990-01-20
I Wan'na Be Like You,Louis Prima,9,1994-04-04
Digital Delay Loop Jam,Phish,10,1994-04-08
Communication Breakdown,Led Zeppelin,6,1990-01-25
If I Only Had a Brain,Ray Bolger (as “The Scarecrow”),41,1989-03-12
Rhombus Narration,Phish,12,1989-09-09
Take the 'A' Train,Duke Ellington,118,1987-04-29
The Ballad of Curtis Loew,Lynyrd Skynyrd,44,1987-04-29
Happy Birthday to You,Traditional,21,1983-12-02
Whipping Post,The Allman Brothers Band,49,1984-11-03
Drums,Traditional,11,1984-11-03
All Along the Watchtower,Bob Dylan,2,1994-04-21
Piano Duet,Phish,2,1993-07-28
"Bill Bailey, Won't You Please Come Home?",Hughie Cannon,6,1993-07-28
High-Heel Sneakers,Tommy Tucker,1,1994-04-23
Who By Fire,Leonard Cohen,1,1994-04-23
Middle of the Road,Mike Gordon and Leo Kottke,2,2009-08-08
Psycho Killer,Talking Heads,4,1993-03-30
Satin Doll,Duke Ellington,18,1988-06-20
Destiny Unbound,Phish,42,1990-09-14
Bike,Pink Floyd,42,1987-11-19
The Asse Festival,Phish,24,1990-09-13
Let's Go,The Cars,11,1991-02-04
Who Do? We Do!,Phish,16,1987-04-24
Ride Captain Ride,Blues Image,17,1987-03-23
Secret Language Instructions,Phish,12,1992-03-06
Cold as Ice,Foreigner,82,1992-03-07
Baby Lemonade,Syd Barrett,1,1992-03-11
Memories,Van Alstyne and Kahn,42,1990-11-17
Setting Sail,Phish,4,1991-04-20
Lullaby of Birdland,Ella Fitzgerald,1,1992-03-28
Vacuum Solo,Phish,8,1992-03-30
Jump Monk,Charles Mingus,2,1988-03-12
Carefree,Sun Ra,1,1994-04-26
Sweet Emotion,Aerosmith,3,1993-03-16
Earache My Eye,Cheech and Chong,1,1994-05-17
Lively Up Yourself,Bob Marley and The Wailers,1,1992-04-21
Roll Like a Cantaloupe,Phish,4,1986-10-15
Killer Joe,Phish,1,1990-03-17
Band/Crew Football Theme Song,Phish,2,1991-04-16
Shaggy Dog,Sam Hopkins,16,1986-10-15
Wait,Phish,5,1991-10-31
I Walk the Line,Johnny Cash,10,1992-11-19
Metal Bagel Death,Phish,1,1990-05-04
Jägermeister Song,Phish,2,1990-04-18
How High the Moon,Hamilton and Lewis,5,1990-04-21
No Good Trying,Syd Barrett,3,1990-12-07
Blue Bayou,Roy Orbison,2,1992-07-16
The Cover of 'Rolling Stone',Dr. Hook,1,2003-02-14
Moby Dick,Led Zeppelin,8,1993-02-19
Golden Lady,Stevie Wonder,2,1994-10-20
The Lion Sleeps Tonight,Traditional,1,2003-02-18
Everyday I Have the Blues,Memphis Slim,1,2003-02-24
The Thrill is Gone,Roy Hawkins,1,2003-02-24
Rock Me Baby,B.B. King,1,2003-02-24
Clone,Mike Gordon and Leo Kottke,1,2003-02-26
Drifting,Trey Anastasio,1,2003-02-26
Blue Skies,Pork Tornado,1,2003-02-26
Final Flight,Vida Blue,1,2003-02-26
Proud Mary,Creedence Clearwater Revival,2,1983-12-02
Spices,Trey Anastasio,2,2003-07-07
Discern,Trey Anastasio,4,2003-07-08
Mr. Completely,Trey Anastasio,2,2003-07-15
Spread It 'Round,Phish,2,2003-07-15
It's All Right,Bruce Sunpie Barnes and the Louisiana Sunspots,1,1993-03-02
Loup Garou,Bruce Sunpie Barnes and the Louisiana Sunspots,1,1993-03-02
Choo Choo Ch' Boogie,Louis Jordan,1,1993-03-02
Dust in the Wind,Kansas,1,2003-07-18
Spooky,The Classics IV,3,1993-03-14
You Gotta See Mama Every Night,Con Conrad and Billy Rose,1,1993-03-16
Fooled Around and Fell in Love,Elvin Bishop,1,2003-07-29
You Ain't Goin' Nowhere,Bob Dylan,1,2003-07-30
Meatstick,Phish,58,1997-06-25
Tower Jam,Phish,1,2003-08-02
Mellow Mood,Bob Marley and The Wailers,9,2000-09-08
Chariots of Fire,Vangelis,1,2003-08-03
Crimes of the Mind,The Dude of Life (with Phish),8,1991-08-03
Long Cool Woman in a Black Dress,The Hollies,3,1983-12-02
Squeeze Box,The Who,1,1983-12-02
Roadhouse Blues,The Doors,1,1983-12-02
Scarlet Begonias,Grateful Dead,3,1983-12-02
Fire on the Mountain,Diga Rhythm Band,2,1983-12-02
The Prison Joke,John Fox,2,1991-04-11
L.A. Woman,The Doors,2,2003-12-30
P-Funk Medley,Parliament-Funkadelic,1,2003-12-30
Jungle Boogie,Kool and the Gang,1,2003-12-31
Iron Man,Black Sabbath,2,2003-12-31
Feel the Heat,"""Dirk Diggler,"" ""Reed Rothchild""",1,2003-12-31
My Life As a Pez,Dave Abrahams,1,1993-03-28
Wild Child,Lou Reed,6,1984-11-03
Bertha,Grateful Dead,3,1984-11-03
Can't You Hear Me Knocking,The Rolling Stones,4,1984-11-03
St. Stephen,Grateful Dead,1,1984-11-03
Eyes of the World,Grateful Dead,3,1984-11-03
Girls Girls Girls,Jay-Z,1,2004-04-15
Spanish Flea,Herb Alpert and the Tijuana Brass,1,1984-12-01
Don't Want You No More,Spencer Davis Group,2,1984-12-01
The Little Drummer Boy,"Katherine Davis, Henry Onorati & Harry Simeone",5,1986-12-06
Help Me,Sonny Boy Williamson,1,1993-04-10
Hoochie Coochie Man,Muddy Waters,2,1993-04-10
Honky Tonk Women,The Rolling Stones,2,1993-04-12
Self,The Dude of Life (with Phish),4,1990-09-13
When Something is Wrong with My Baby,Sam and Dave,3,1993-04-24
Baby Elephant Walk,Henry Mancini,2,1992-12-01
The Chase,Phish,7,1987-10-14
Whole Lotta Love,Led Zeppelin,5,1990-06-09
O Mio Babbino Caro,Puccini/Forzano,1,1994-05-27
Black and Tan Fantasy,Duke Ellington,1,1990-09-28
Goin' Down Slow,"""St. Louis Jimmy"" Oden",3,1990-09-13
Minute by Minute,Doobie Brothers,3,1990-09-13
Mo' Better Blues,Terence Blanchard,2,1990-09-22
Don't Get Me Wrong,Phish,3,1990-10-06
Dahlia,The Dude of Life (with Phish),1,1990-09-13
Revolution's Over,The Dude of Life (with Phish),1,1990-09-13
Why You Been Gone So Long?,Jessi Colter,1,1993-05-06
Tennessee Waltz,Roy Acuff & The Smoky Mountain Boys,2,1993-05-06
I Been to Georgia on a Fast Train,Billy Joe Shaver,1,1993-05-06
That's Alright Mama,Elvis Presley,1,1993-05-06
Big Leg Emma,The Mothers of Invention,7,1985-04-06
Revolution,Phish,4,1985-04-06
I Wish,Stevie Wonder,2,1985-04-06
Jessica,The Allman Brothers Band,1,1993-05-08
Crossroads,Robert Johnson,9,1993-05-08
Leprechaun,Phish,3,1993-07-15
Bring It On Home,Sonny Boy Williamson,1,1985-05-03
The Other One,Grateful Dead,1,1985-05-03
Melt the Guns,XTC,4,1985-09-27
T.V. Theme,Phish,2,1985-09-27
Prep School Hippie,Phish,5,1985-09-27
Revival,The Allman Brothers Band,1,1985-10-30
Hurricane,Bob Dylan,1,1985-11-14
Dear Mrs. Reagan,Phish,13,1985-11-14
Wild Thing,The Wild Ones,1,1985-11-23
Cocaine,J.J. Cale,1,1993-08-06
Who Knows,Band of Gypsys,2,1989-10-26
Mind Left Body Jam,"Paul Kantner, Grace Slick, and David Freiberg",3,1993-08-21
I Kissed a Girl,Katy Perry,1,2009-08-16
Nothin' But A Nothin',Baby Gramps,2,1993-08-25
Oye Como Va,Tito Puente,1,1993-08-28
"I'm Blue, I'm Lonesome",Bill Monroe,30,1994-11-16
Hold Whatcha Got,Jimmy Martin and His Sunny Mountain Boys,1,2000-06-22
Chalk Dust Torture Reprise,Phish,3,1994-12-10
Windora Bug,Trey Anastasio,2,2000-09-08
Roadrunner,The Modern Lovers,1,2000-09-11
"Come On Baby, Let's Go Downtown",Crazy Horse,2,2000-09-23
Walk This Way,Aerosmith,1,2000-09-29
Rapper's Delight,The Sugarhill Gang,1,2000-09-29
You Shook Me All Night Long,AC/DC,2,1989-04-20
We're an American Band,Grand Funk Railroad,2,1996-11-16
Guy Forget,Phish,2,2000-10-01
El Paso,Marty Robbins,1,2000-10-06
West L.A. Fadeaway,Grateful Dead,2,2000-10-06
Doin' My Time,Jimmie Skinner,2,1996-08-07
Foreplay/Long Time,Boston,17,1994-10-07
Tuesday's Gone,Lynyrd Skynyrd,1,1999-07-13
Born to Run,Bruce Springsteen,1,1999-07-16
On My Knees,Son Seals,1,1999-07-17
If You Need a Fool,The Del McCoury Band,3,1998-07-29
Smoke on the Water,Deep Purple,1,1999-07-18
Misty Mountain Hop,Led Zeppelin,4,1999-07-20
Gold Soundz,Pavement,1,1999-07-21
Woodstock,Joni Mitchell,1,1999-07-26
Mozambique,Trey Anastasio,5,1999-09-09
Will It Go Round in Circles?,Billy Preston,2,1999-09-10
Cold Rain and Snow,Traditional,1,1999-09-17
Viola Lee Blues,Gus Cannon,1,1999-09-17
Sweet Virginia,The Rolling Stones,5,1999-09-26
Messin' with The Kid,Junior Wells,2,1997-08-08
We're Not Gonna Take It,The Who,1,1999-10-08
Tonight,Zenzile,1,1986-02-03
The Pendulum,Zenzile,2,1986-02-03
Babylon is Burning,Zenzile,1,1986-02-03
Dec 1661,Zenzile,1,1986-02-03
Help on the Way,Grateful Dead,1,1986-04-01
Slipknot!,Grateful Dead,1,1986-04-01
Not Fade Away,The Crickets,1,1986-04-01
Back Porch Boogie Blues,Max Creek,8,1986-05-17
Skin It Back,Little Feat,13,1986-10-15
Lushington,Phish,8,1986-10-15
"Swing Low, Sweet Chariot",Traditional,13,1986-10-15
Mustang Sally,Mack Rice,9,1986-10-15
Clod,Phish,11,1986-10-15
She Caught the Katy and Left Me a Mule to Ride,Taj Mahal,6,1986-12-06
Tush,ZZ Top,2,1986-12-06
Jennifer Dances,Phish,4,1999-12-05
Why Don't You Love Me?,Hank Williams,2,1987-02-21
Blue Monk,Thelonius Monk,2,1987-02-21
Tell Me Something Good,Rufus with Chaka Khan,1,1987-03-06
Freeworld,Phish,1,1987-03-06
Punch Me in the Eye,Phish,1,1987-04-24
Come On (Part One),Earl King,1,1987-04-29
Bundle of Joy,Phish,9,1987-08-21
Stir It Up,Bob Marley and The Wailers,1,1987-08-21
Sympathy for the Devil,The Rolling Stones,1,1988-02-03
Che Hun Ta Mo,Chief Jim Billie,1,1999-12-30
Big Alligator,Chief Jim Billie,1,1999-12-30
After Midnight,J.J. Cale,7,1999-12-31
Love Me,Elvis Presley,9,1997-02-13
Rock A William,Phish,5,1997-02-13
Phase Dance,Pat Metheny Group,4,1988-02-07
Midnight Rider,The Allman Brothers Band,1,1994-06-22
The Chicken,James Brown,1,1988-03-11
One Meatball,George Martin Lane,1,1997-02-25
Little Red Rooster,Howlin' Wolf,1,1997-02-25
Got My Mojo Working,Muddy Waters,1,1997-02-25
Gypsy Queen,Gabor Szabo,3,1996-08-07
Cinnamon Girl,Neil Young,3,1989-03-01
I Told You So,Jimmie Davis,1,1997-03-18
Love Me Like a Man,Bonnie Raitt,1,1997-03-18
St. Thomas,Sonny Rollins,1,1988-05-21
Diamond Girl,Seals and Crofts,1,1992-12-31
Stand!,Sly and the Family Stone,1,1997-06-13
Waking Up,Phish,1,1997-06-14
I Don't Care,Phish,2,1997-06-16
Samson Variation,Ernie Stires,2,1997-06-21
Cecilia,Simon & Garfunkel,1,1997-06-25
99 Problems,Jay-Z,1,2004-06-18
Big Pimpin',Jay-Z,1,2004-06-18
Blue Bossa,Joe Henderson,3,1988-06-24
Sweet Georgia Brown,Ben Bernie,1,1988-07-07
The Tears of a Clown,Smokey Robinson & The Miracles,1,2004-08-11
Cool Jerk,The Capitols,1,2004-08-15
Dickie Scotland,Phish,1,2004-08-15
Beauty of a Broken Heart,Phish,12,2009-03-07
She Thinks I Still Care,George Jones,1,2009-03-08
When the Cactus is in Bloom,Jimmie Rodgers,1,2009-06-09
Take Me to the River,Al Green,2,1995-11-21
Bobby Jean,Bruce Springsteen,1,2009-06-14
Glory Days,Bruce Springsteen,1,2009-06-14
Don't You Want To Go?,The Meditation Singers,5,1995-05-16
Glide II,Phish,1,1995-05-16
I'll Come Running,Brian Eno,1,1995-05-16
Gloria,Them,1,1995-05-16
Acoustic Army,Phish,27,1995-06-07
Rocky Mountain Way,Joe Walsh,2,1991-02-16
Blister in the Sun,Violent Femmes,4,1997-07-26
Rotation Jam,Phish,4,1995-11-25
Amoreena,Elton John,1,1997-08-13
Merry Pranksters Jam,Phish,1,1997-08-14
Art Jam,Phish,1,1997-08-17
Them Changes,Buddy Miles,1,1997-11-30
I'm Gonna Be (500 Miles),The Proclaimers,1,1997-12-30
"New York, New York",Liza Minnelli,1,1997-12-31
Three Little Birds,Bob Marley and The Wailers,1,1995-06-17
You Better Believe It Baby,Joe Tex,2,1998-07-26
Ramble On,Led Zeppelin,3,1998-08-01
Been Caught Stealing,Jane's Addiction,6,1998-08-01
I Get a Kick Out of You,Dinah Washington,2,1998-08-02
Rhinoceros,Smashing Pumpkins,1,1998-08-03
Runnin' with the Devil,Van Halen,1,1998-08-06
Terrapin Station,Grateful Dead,1,1998-08-09
Burning Down the House,Talking Heads,1,1998-08-12
Ambient Jam,Phish,1,1998-08-15
Arc,Neil Young,1,1998-10-03
Down By the River,Neil Young,1,1998-10-03
Moonlight in Vermont,Blackburn and Suessdorf,1,1998-10-03
Will the Circle Be Unbroken?,Traditional,1,1998-10-03
Uncloudy Day,The Staples Singers,1,1998-10-03
Beaumont Rag,Traditional,4,1994-10-12
Never,Phish,1,1998-10-17
Helpless,"Crosby, Stills, Nash, and Young",1,1998-10-17
Sad Lisa,Cat Stevens,1,1998-10-18
Four Strong Winds,Ian & Sylvia,1,1998-10-18
I Shall Be Released,The Band,1,1998-10-18
Something,The Beatles,4,1998-10-29
Speak to Me,Pink Floyd,1,1998-11-02
Breathe,Pink Floyd,2,1995-10-25
On The Run,Pink Floyd,1,1998-11-02
Time,Pink Floyd,1,1998-11-02
Money,Pink Floyd,1,1998-11-02
Us and Them,Pink Floyd,1,1998-11-02
Any Colour You Like,Pink Floyd,1,1998-11-02
Brain Damage,Pink Floyd,1,1998-11-02
Eclipse,Pink Floyd,1,1998-11-02
Smells Like Teen Spirit,Nirvana,1,1998-11-02
So Lonely,The Police,1,1998-11-14
All the Pain Through the Years,Seth Yacovone,1,1998-11-29
Layla,Derek & the Dominoes,1,1998-11-29
1999,Prince,1,1998-12-31
All Blues,Miles Davis,3,1986-04-25
Call It Stormy Monday (But Tuesday Is Just As Bad),T-Bone Walker,1,1989-02-23
Green Onions,Booker T. & the M.G.'s,1,1989-03-01
American Woman,The Guess Who,1,1989-03-01
The Price of Love,Ninja Custodian,2,1989-03-30
Undun,The Guess Who,6,1989-03-30
Le Freak,Chic,1,1989-04-13
If I Don't Be There By Morning,Eric Clapton,1,1989-05-09
Nowhere Fast,Phish,1,1989-05-09
I've Turned Bad,Phish,1,1989-05-09
Dazed and Confused,Led Zeppelin,1,1989-05-21
The Practical Song,Phish,2,1988-09-12
Mr. P.C.,John Coltrane,3,1988-07-30
Funky (Breakdown),Ninja Custodian,1,1989-05-28
Immigrant Song,Led Zeppelin,2,1989-07-01
On Green Dolphin Street,Urbie Green,1,1989-08-12
In a Mellow Tone,Duke Ellington,1,1989-08-12
Autumn Leaves,Jo Stafford,1,1989-08-12
Four,Miles Davis,1,1989-08-12
My Favorite Things,Rodgers & Hammerstein,1,1989-08-12
Lucky Seven,Dave Holland,1,1989-08-12
Blue Sky,The Allman Brothers Band,1,1989-08-12
Night and Day,Ella Fitzgerald,1,1989-08-12
Andy's Chest,Lou Reed,1,1988-09-13
In a Hole,Phish,8,1989-10-20
Bitchin' Again,The Dude of Life (with Phish),1,1991-08-03
Gaul Swerves and the Rest is Everything Else,Phish,1,1989-10-26
The Fog That Surrounds,Phish,8,1995-09-27
Cryin',Aerosmith,1,1995-09-29
White Rabbit,Jefferson Airplane,1,1995-09-30
Night Moves,Bob Seger,1,1995-10-02
Pusherman,Curtis Mayfield,1,1991-11-01
T.V. Show,The Dude of Life (with Phish),1,1991-11-08
Family Picture,The Dude of Life (with Phish),1,1991-11-08
Theme from Star Trek,Alexander Courage,1,1996-08-04
Taste That Surrounds,Phish,14,1995-10-24
Brown Eyed Girl,Van Morrison,1,1995-11-16
Wind Beneath My Wings,Bette Midler,1,1995-11-28
Heart and Soul,Larry Clinton Orchestra,1,1995-11-29
Mallory,Phish,1,1995-12-15
Come Together,The Beatles,2,1995-12-08
Ninety-Nine Years (and One Dark Day),Hot Rize,1,1996-08-07
Hold to a Dream,Tim O’Brien,1,1996-08-07
Mean Mr. Mustard,The Beatles,1,1996-11-15
Midnight on the Highway,Hot Rize,1,1996-11-23
Fixin' to Die,Bukka White,2,1994-11-17
Sixteen Candles,The Crests,1,1996-12-29
Champagne Supernova,Oasis,1,1996-12-29
Bohemian Rhapsody,Queen,1,1996-12-31
The Maker,Daniel Lanois,1,1994-10-15
Little Tiny Butter Biscuits,"""Reverend"" Jeff Mosier",4,1994-11-18
Dooley,The Dillards,1,1994-11-20
Roll in My Sweet Baby's Arms,Traditional,1,1994-11-18
To France,Jeff Mosier,1,1994-11-17
Foggy Mountain Breakdown,Flatt and Scruggs,1,1994-11-16
Rocks Off,The Rolling Stones,1,2009-10-31
Rip This Joint,The Rolling Stones,1,2009-10-31
Shake Your Hips,Slim Harpo,1,2009-10-31
Casino Boogie,The Rolling Stones,1,2009-10-31
Tumbling Dice,The Rolling Stones,1,2009-10-31
Torn and Frayed,The Rolling Stones,7,2009-10-31
Sweet Black Angel,The Rolling Stones,1,2009-10-31
Happy,The Rolling Stones,1,2009-10-31
Turd on the Run,The Rolling Stones,1,2009-10-31
Ventilator Blues,The Rolling Stones,1,2009-10-31
I Just Want To See His Face,The Rolling Stones,1,2009-10-31
Let It Loose,The Rolling Stones,3,2009-10-31
All Down the Line,The Rolling Stones,1,2009-10-31
Stop Breaking Down,Robert Johnson,1,2009-10-31
Shine a Light,The Rolling Stones,20,2009-10-31
Soul Survivor,The Rolling Stones,1,2009-10-31
Invisible,Mike Gordon and Leo Kottke,1,2009-11-01
Sleep Again,Trey Anastasio,6,2009-11-01
Golden Age,TV on the Radio,42,2009-11-27
Dixie Cannonball,Gene Autry,1,2009-12-30
Blue Moon,Rodgers and Hart,1,2009-12-31
Show of Life,Trey Anastasio,26,2010-06-11
Look Out Cleveland,The Band,1,2010-06-12
Instant Karma!,John Lennon,3,2010-06-12
Cold Water,Tom Waits,1,2010-06-15
Idea,Phish,1,2010-06-15
Summer of '89,Phish,4,2010-06-18
Lit O Bit,Rita Clarke and the Naturals,1,2010-06-22
Dr. Gabel,Phish,1,2010-06-22
The Rover,Led Zeppelin,1,2010-06-24
Free Man in Paris,Joni Mitchell,1,2010-06-25
Billie Jean,Michael Jackson,1,2010-06-25
In the Aeroplane Over the Sea,Neutral Milk Hotel,1,2010-06-26
Jumpin' Jack Flash,The Rolling Stones,1,2010-06-27
I Am the Walrus,The Beatles,3,2010-06-29
Killing in the Name,Rage Against the Machine,1,2010-07-04
My Problem Right There,Phish,3,2010-10-10
What Things Seem,Phish,2,2010-10-11
Heartbreaker,Led Zeppelin,2,2010-10-30
Thank You,Led Zeppelin,1,2010-10-30
Stairway to Heaven,Led Zeppelin,1,2010-10-30
Fat Man in the Bathtub,Little Feat,2,2010-10-31
All That You Dream,Little Feat,1,2010-10-31
Oh Atlanta,Little Feat,1,2010-10-31
Old Folks Boogie,Little Feat,1,2010-10-31
Day or Night,Little Feat,1,2010-10-31
Mercenary Territory,Little Feat,1,2010-10-31
Spanish Moon,Little Feat,1,2010-10-31
Dixie Chicken,Little Feat,1,2010-10-31
Tripe Face Boogie,Little Feat,1,2010-10-31
Rocket in My Pocket,Little Feat,2,2010-10-31
Willin',Little Feat,1,2010-10-31
Don't Bogart That Joint,Fraternity of Man,2,2010-10-31
A Apolitical Blues,Little Feat,1,2010-10-31
Sailin' Shoes,Little Feat,1,2010-10-31
Feats Don't Fail Me Now,Little Feat,1,2010-10-31
Night Nurse,Gregory Isaacs,1,2010-10-26
Pigtail,Phish,3,2010-12-28
Burn That Bridge,Trey Anastasio,1,2010-12-31
No Quarter,Led Zeppelin,11,2011-06-01
Steam,Phish,24,2011-06-04
Thunder Road,Bruce Springsteen,1,2011-06-19
Rhymes,Al Green,1,2011-06-07
Susskind Hotel,"Trey, Mike and The Duo",3,2011-07-02
Monkey Man,The Rolling Stones,1,2011-07-02
Storage Jam,Phish,1,2011-07-02
Big Balls,AC/DC,1,2011-07-03
50 Ways to Leave Your Lover,Paul Simon,1,2011-08-08
Rocket Man,Elton John,1,2011-08-09
Babylon Baby,Mike Gordon,3,2011-08-15
The Way It Goes,Gillian Welch,1,2011-09-04
The Gambler,Kenny Rogers,1,2012-06-10
Garden Party,Ricky Nelson,1,2012-12-31
Fly Like an Eagle,Steve Miller Band,1,2012-12-31
Yarmouth Road,Phish,26,2013-07-05
Energy,The Apples in Stereo,4,2013-07-05
Architect,Trey Anastasio,4,2013-07-06
Frost,Trey Anastasio,1,2013-07-17
On the Road Again,Willie Nelson,1,2013-08-31
Easy To Slip,Little Feat,1,2013-08-30
Say Something,Phish,2,2013-07-27
Legalize It,Peter Tosh,1,2013-09-01
Takin' Care of Business,Bachman-Turner Overdrive,1,2013-10-20
Snow,Phish,1,2013-10-31
Amidst the Peals of Laughter,Phish,1,2013-10-31
You Never Know,Phish,1,2013-10-31
Plasma,Trey Anastasio,4,2014-10-17
Take Me Out to the Ballgame,Tin Pan Alley,1,2014-10-27
Intro,Phish,1,2014-10-31
The Haunted House,Phish,1,2014-10-31
The Very Long Fuse,Phish,3,2014-10-31
The Dogs,Phish,9,2014-10-31
Timber,Phish,3,2014-10-31
Your Pet Cat,Phish,8,2014-10-31
Shipwreck,Phish,1,2014-10-31
The Unsafe Bridge,Phish,1,2014-10-31
The Chinese Water Torture,Phish,1,2014-10-31
The Birds,Phish,3,2014-10-31
Martian Monster,Phish,21,2014-10-31
Is This What You Wanted,Leonard Cohen,1,2014-10-31
Dem Bones,James Weldon Johnson,2,2014-12-31
Shade,Phish,5,2015-07-21
How Many People Are You,Mike Gordon,6,2015-07-22
Heavy Rotation,Page McConnell,1,2015-07-22
Scabbard,Trey Anastasio,2,2015-07-22
Mercury,Phish,8,2015-07-22
The Last Step,Mike Gordon,1,2015-08-05
Drive-In Jam,Phish,1,2015-08-22
United We Stand,Brotherhood of Man,1,2015-09-06
The Ocean,Led Zeppelin,1,2016-01-17
Can't Always Listen,Phish,1,2015-12-30
Space Oddity,David Bowie,5,2016-06-24
Let's Go,Phish,2,2016-07-01
Ass Handed,Phish,9,2016-07-15
Samson and Delilah,Gary Davis,1,2016-10-18
Playing in the Band,Grateful Dead,1,2016-10-18
Five Years,David Bowie,1,2016-10-31
Soul Love,David Bowie,1,2016-10-31
Moonage Daydream,Arnold Corns,1,2016-10-31
Starman,David Bowie,1,2016-10-31
It Ain't Easy,Ron Davies,1,2016-10-31
Lady Stardust,David Bowie,1,2016-10-31
Star,David Bowie,1,2016-10-31
Hang On to Yourself,Arnold Corns,1,2016-10-31
Ziggy Stardust,David Bowie,1,2016-10-31
Suffragette City,David Bowie,1,2016-10-31
Rock 'n' Roll Suicide,David Bowie,1,2016-10-31
Blackberry Blossom,Traditional,0,NA
Further On Up the Road,"Bobby ""Blue"" Bland",0,NA
Hey You,Bachman Turner Overdrive,0,NA
John Hardy,Traditional,0,NA
Midnight Moonlight,Peter Rowan,0,NA
No Reply At All,Genesis,0,NA
Voodoo Child (Slight Return),Jimi Hendrix Experience,0,NA
Watcher of the Skies,Genesis,0,NA
